{
  "training_date": "2025-12-23T16:45:07.375834",
  "data_path": "data/training/ohlcv_btc_365d.csv",
  "n_samples": 525514,
  "n_features": 21,
  "n_positive": 191073,
  "n_negative": 334441,
  "win_rate": 0.36359259696221224,
  "tp_multiplier": 2.0,
  "sl_multiplier": 1.0,
  "time_limit": 45,
  "n_folds": 5,
  "embargo": 10,
  "avg_precision": 0.5587724826038226,
  "avg_recall": 0.010303803153018803,
  "avg_f1": 0.019943339655689195,
  "training_time_seconds": 217.328339,
  "feature_importance": {
    "atr_14": 21455.547943353653,
    "volatility_pct": 20291.8852891922,
    "cmf": 18470.81200861931,
    "bb_width": 17632.250642299652,
    "rsi_7": 13941.152072906494,
    "macd_hist": 13873.542319178581,
    "macd_signal": 13764.804288506508,
    "obv_norm": 13745.347167730331,
    "close_vs_ema_50": 13123.853015422821,
    "rsi_14": 12872.896136760712,
    "cvd": 12638.778287649155,
    "return_1": 12457.568122982979,
    "macd": 12021.376633167267,
    "entropy": 11740.844026327133,
    "volume_ratio_1": 11612.227704763412,
    "volume_ratio_2": 10916.897154450417,
    "volume_ratio_3": 10792.877900838852,
    "return_3": 10566.930503845215,
    "roc_10": 10472.317358613014,
    "return_2": 9587.8626588583,
    "close_vs_ema_20": 8607.234353542328
  },
  "lgbm_params": {
    "objective": "binary",
    "metric": [
      "binary_logloss",
      "auc"
    ],
    "boosting_type": "gbdt",
    "learning_rate": 0.05,
    "num_leaves": 31,
    "max_depth": -1,
    "min_data_in_leaf": 100,
    "feature_fraction": 0.8,
    "bagging_fraction": 0.8,
    "bagging_freq": 5,
    "lambda_l1": 0.1,
    "lambda_l2": 1.0,
    "verbose": -1,
    "n_jobs": -1,
    "seed": 42
  }
}